Name,Club,Nationality,Position,Age,Matches,Starts,Mins,Goals,Assists,Passes_Attempted,Perc_Passes_Completed,Penalty_Goals,Penalty_Attempted,xG,xA,Yellow_Cards,Red_Cards,,,
Mason Mount,Chelsea,ENG,"MF,FW",21,36,32,2890,6,5,1881,823,1,1,21,24,2,0,,,
Edouard Mendy,Chelsea,SEN,GK,28,31,31,2745,0,0,1007,846,0,0,0,0,2,0,,,
Timo Werner,Chelsea,GER,FW,24,35,29,2602,6,8,826,772,0,0,41,21,2,0,,,
Ben Chilwell,Chelsea,ENG,DF,23,27,27,2286,3,5,1806,786,0,0,1,11,3,0,,,
Reece James,Chelsea,ENG,DF,20,32,25,2373,1,2,1987,850,0,0,6,12,3,0,,,
César Azpilicueta,Chelsea,ESP,DF,30,26,24,2188,1,2,2015,875,0,0,3,11,5,1,,,
N'Golo Kanté,Chelsea,FRA,MF,29,30,24,2146,0,2,1504,866,0,0,4,5,7,0,,,
Jorginho,Chelsea,ITA,MF,28,28,23,2010,7,1,1739,895,7,9,31,9,2,0,,,
Thiago Silva,Chelsea,BRA,DF,35,23,23,1935,2,0,1871,935,0,0,5,2,5,1,,,
Kurt Zouma,Chelsea,FRA,DF,25,24,22,2029,5,0,1720,919,0,0,8,0,3,0,,,
Mateo Kovačić,Chelsea,CRO,MF,26,27,21,1815,0,1,1737,910,0,0,5,9,4,0,,,
Antonio Rüdiger,Chelsea,GER,DF,27,19,19,1710,1,0,1476,907,0,0,6,2,0,0,,,
Christian Pulisic,Chelsea,USA,"FW,MF",21,27,18,1738,4,2,690,800,0,0,28,14,2,0,,,
Kai Havertz,Chelsea,GER,"MF,FW",21,27,18,1520,4,3,765,861,0,0,37,9,2,0,,,
Andreas Christensen,Chelsea,DEN,DF,24,17,15,1371,0,0,1089,928,0,0,1,2,2,1,,,
Hakim Ziyech,Chelsea,MAR,"FW,MF",27,23,15,1172,2,3,734,747,0,0,15,28,3,0,,,
Tammy Abraham,Chelsea,ENG,FW,22,22,12,1040,6,1,218,683,0,0,56,7,0,0,,,
Marcos Alonso,Chelsea,ESP,DF,29,13,11,960,2,0,592,816,0,0,16,11,2,0,,,
Callum Hudson-Odoi,Chelsea,ENG,"FW,DF",19,23,10,1059,2,3,659,822,0,0,12,26,0,0,,,
Olivier Giroud,Chelsea,FRA,FW,33,17,8,748,4,0,217,742,0,0,58,9,1,0,,,
Kepa Arrizabalaga,Chelsea,ESP,GK,25,7,6,585,0,0,243,815,0,0,0,0,1,0,,,
Billy Gilmour,Chelsea,SCO,MF,19,5,3,261,0,0,215,893,0,0,1,4,0,0,,,
Willy Caballero,Chelsea,ARG,GK,38,1,1,90,0,0,26,923,0,0,0,0,0,0,,,
Ruben Loftus-Cheek,Chelsea,ENG,FW,24,1,1,60,0,0,16,688,0,0,0,0,0,0,,,
Emerson Palmieri,Chelsea,ITA,DF,25,2,0,90,0,0,63,810,0,0,0,0,0,0,,,
Fikayo Tomori,Chelsea,ENG,DF,22,1,0,45,0,0,29,931,0,0,0,0,0,0,,,
Ross Barkley,Chelsea,ENG,MF,26,2,0,42,0,0,26,846,0,0,6,16,0,0,,,
Ederson,Manchester City,BRA,GK,26,36,36,3240,0,1,1090,831,0,0,0,1,3,0,,,
Rúben Dias,Manchester City,POR,DF,23,32,32,2843,1,0,2671,936,0,0,7,0,4,0,,,
Rodri,Manchester City,ESP,MF,24,34,31,2748,2,2,2728,915,1,1,8,6,6,0,,,
Raheem Sterling,Manchester City,ENG,FW,25,31,28,2536,10,7,1127,854,0,1,43,17,4,0,,,
João Cancelo,Manchester City,POR,DF,26,28,27,2299,2,3,2094,857,0,0,8,19,5,1,,,
Bernardo Silva,Manchester City,POR,"MF,FW",25,26,24,2065,2,6,1427,897,0,0,12,16,5,0,,,
İlkay Gündoğan,Manchester City,GER,MF,29,28,23,2029,13,2,1707,910,1,2,4,2,1,0,,,
Kevin De Bruyne,Manchester City,BEL,MF,29,25,23,1997,6,12,1406,760,2,3,44,46,1,0,,,
Riyad Mahrez,Manchester City,ALG,FW,29,27,23,1949,9,6,1086,842,0,0,26,27,0,0,,,
Gabriel Jesus,Manchester City,BRA,FW,23,29,22,2063,9,4,754,846,0,0,38,15,2,0,,,
Kyle Walker,Manchester City,ENG,DF,30,24,22,1946,1,1,1897,894,0,0,1,2,1,0,,,
John Stones,Manchester City,ENG,DF,26,22,22,1933,4,0,1713,943,0,0,1,0,0,1,,,
Phil Foden,Manchester City,ENG,"FW,MF",20,28,17,1616,9,5,838,820,0,0,31,23,0,0,,,
Oleksandr Zinchenko,Manchester City,UKR,DF,23,20,15,1478,0,0,1475,902,0,0,4,8,0,0,,,
Ferrán Torres,Manchester City,ESP,"FW,MF",20,24,15,1306,7,2,442,814,0,0,37,13,1,0,,,
Aymeric Laporte,Manchester City,FRA,DF,26,16,14,1344,0,0,1261,920,0,0,5,5,1,0,,,
Fernandinho,Manchester City,BRA,MF,35,21,12,1188,0,2,1001,878,0,0,6,7,6,0,,,
Benjamin Mendy,Manchester City,FRA,DF,26,13,11,953,2,1,651,817,0,0,4,4,2,0,,,
Nathan Aké,Manchester City,NED,DF,25,10,9,797,1,0,755,930,0,0,1,0,4,0,,,
Sergio Agüero,Manchester City,ARG,"FW,MF",32,12,7,559,4,1,170,841,1,2,54,21,0,0,,,
Eric García,Manchester City,ESP,DF,19,6,3,383,0,0,344,936,0,0,3,2,0,0,,,
Scott Carson,Manchester City,ENG,GK,34,1,1,90,0,0,16,938,0,0,0,0,0,0,,,
Zack Steffen,Manchester City,USA,GK,25,1,1,90,0,0,28,821,0,0,0,0,0,0,,,
Liam Delap,Manchester City,ENG,FW,17,1,0,40,0,0,7,714,0,0,6,0,0,0,,,
Bruno Fernandes,Manchester United,POR,MF,25,37,35,3099,18,12,2283,746,9,10,45,32,6,0,,,
Aaron Wan-Bissaka,Manchester United,ENG,DF,22,34,34,3060,2,4,2065,860,0,0,3,7,3,0,,,
Harry Maguire,Manchester United,ENG,DF,27,34,34,3047,2,1,2139,890,0,0,6,1,11,0,,,
Marcus Rashford,Manchester United,ENG,FW,22,37,33,2920,11,9,1234,806,0,0,29,11,4,0,,,
Luke Shaw,Manchester United,ENG,DF,25,32,30,2654,1,5,2015,816,0,0,2,18,8,0,,,
Victor Lindelöf,Manchester United,SWE,DF,26,29,29,2585,1,1,1800,911,0,0,2,2,0,0,,,
Fred,Manchester United,BRA,MF,27,30,27,2390,1,0,1763,882,0,0,7,1,5,0,,,
David de Gea,Manchester United,ESP,GK,29,26,26,2295,0,0,594,771,0,0,0,0,0,0,,,
Scott McTominay,Manchester United,SCO,MF,23,32,24,2129,4,1,1270,873,0,0,9,4,3,0,,,
Paul Pogba,Manchester United,FRA,"MF,FW",27,26,21,1897,3,3,1343,828,0,0,1,1,3,0,,,
Mason Greenwood,Manchester United,ENG,FW,18,31,21,1822,7,2,732,831,0,0,37,9,2,0,,,
Anthony Martial,Manchester United,FRA,FW,24,22,17,1480,4,3,488,828,0,0,4,12,0,1,,,
Edinson Cavani,Manchester United,URU,FW,33,26,13,1375,10,3,343,787,0,0,48,17,4,0,,,
Dean Henderson,Manchester United,ENG,GK,23,13,12,1125,0,0,314,752,0,0,0,0,3,0,,,
Nemanja Matić,Manchester United,SRB,MF,31,20,12,1106,0,0,975,905,0,0,2,3,2,0,,,
Daniel James,Manchester United,WAL,FW,22,15,11,910,3,1,304,780,0,0,23,12,3,0,,,
Eric Bailly,Manchester United,CIV,DF,26,12,10,916,0,0,547,903,0,0,1,0,3,0,,,
Alex Telles,Manchester United,BRA,DF,27,9,8,690,0,2,570,805,0,0,2,15,0,0,,,
Juan Mata,Manchester United,ESP,"FW,MF",32,9,6,509,1,2,294,840,1,1,19,15,0,0,,,
Donny van de Beek,Manchester United,NED,"MF,FW",23,19,4,524,1,1,279,842,0,0,5,17,1,0,,,
Axel Tuanzebe,Manchester United,ENG,DF,22,9,4,404,0,0,263,897,0,0,0,0,2,0,,,
Brandon Williams,Manchester United,ENG,DF,19,4,2,188,0,0,140,857,0,0,5,1,0,0,,,
Amad Diallo,Manchester United,CIV,FW,18,3,2,166,0,1,64,844,0,0,2,26,0,0,,,
Anthony Elanga,Manchester United,SWE,FW,18,2,2,155,1,0,53,811,0,0,16,2,0,0,,,
Timothy Fosu-Mensah,Manchester United,NED,DF,22,1,1,80,0,0,75,867,0,0,3,31,1,0,,,
Shola Shoretire,Manchester United,ENG,FW,16,2,0,11,0,0,8,750,0,0,0,0,0,0,,,
Odion Ighalo,Manchester United,NGA,FW,31,1,0,10,0,0,1,1000,0,0,0,0,0,0,,,
Hannibal Mejbri,Manchester United,FRA,MF,17,1,0,9,0,0,3,1000,0,0,0,0,0,0,,,
William Thomas Fish,Manchester United,ENG,DF,17,1,0,1,0,0,1,0,0,0,0,0,0,0,,,
Andrew Robertson,Liverpool FC,SCO,DF,26,38,38,3383,1,7,3214,799,0,0,4,18,2,0,,,
Mohamed Salah,Liverpool FC,EGY,FW,28,37,34,3078,22,5,1288,832,6,6,61,18,0,0,,,
Trent Alexander-Arnold,Liverpool FC,ENG,DF,21,36,34,3031,2,7,2941,753,0,0,8,24,2,0,,,
Georginio Wijnaldum,Liverpool FC,NED,MF,29,38,34,2941,2,0,1747,933,0,0,1,5,1,0,,,
Alisson,Liverpool FC,BRA,GK,27,33,33,2970,1,0,1137,852,0,0,0,0,1,0,,,
Roberto Firmino,Liverpool FC,BRA,FW,28,36,33,2838,9,7,1308,797,0,0,4,2,2,0,,,
Sadio Mané,Liverpool FC,SEN,FW,28,35,31,2810,11,7,1064,754,0,0,49,18,3,0,,,
Fabinho,Liverpool FC,BRA,"DF,MF",26,30,28,2567,0,0,2049,911,0,0,2,1,6,0,,,
Thiago Alcántara,Liverpool FC,ESP,MF,29,24,20,1854,1,0,1674,895,0,0,7,11,4,0,,,
Jordan Henderson,Liverpool FC,ENG,"MF,DF",30,21,20,1704,1,1,1812,868,0,0,9,7,0,0,,,
Nathaniel Phillips,Liverpool FC,ENG,DF,23,17,15,1456,1,1,1058,872,0,0,7,2,2,0,,,
Curtis Jones,Liverpool FC,ENG,MF,19,24,13,1179,1,2,976,912,0,0,11,12,2,0,,,
Diogo Jota,Liverpool FC,POR,FW,23,19,12,1112,9,0,451,725,0,0,53,13,2,0,,,
James Milner,Liverpool FC,ENG,"MF,DF",34,26,11,1070,0,1,913,849,0,0,4,1,3,0,,,
Ozan Kabak,Liverpool FC,TUR,DF,20,9,9,801,0,0,554,906,0,0,1,2,3,0,,,
Joël Matip,Liverpool FC,CMR,DF,28,10,9,691,1,2,527,884,0,0,8,14,2,0,,,
Rhys Williams,Liverpool FC,ENG,DF,19,9,7,661,0,0,451,920,0,0,7,5,0,0,,,
Naby Keïta,Liverpool FC,GUI,MF,25,10,7,520,0,0,356,874,0,0,9,14,1,0,,,
Joe Gomez,Liverpool FC,ENG,DF,23,7,6,590,0,0,532,902,0,0,0,0,0,0,,,
Xherdan Shaqiri,Liverpool FC,SUI,"MF,FW",28,14,5,556,0,2,426,836,0,0,6,49,2,0,,,
Virgil van Dijk,Liverpool FC,NED,DF,29,5,5,370,1,0,329,900,0,0,8,0,1,0,,,
Adrián,Liverpool FC,ESP,GK,33,3,3,270,0,0,99,768,0,0,0,0,0,0,,,
Neco Williams,Liverpool FC,WAL,DF,19,6,3,249,0,0,213,732,0,0,3,1,1,0,,,
Takumi Minamino,Liverpool FC,JPN,"MF,FW",25,9,2,293,1,0,139,799,0,0,2,0,0,0,,,
Alex Oxlade-Chamberlain,Liverpool FC,ENG,"FW,MF",26,13,2,253,1,1,138,754,0,0,13,8,0,0,,,
Divock Origi,Liverpool FC,BEL,FW,25,9,2,186,0,0,60,767,0,0,47,11,0,0,,,
Caoimhín Kelleher,Liverpool FC,IRL,GK,21,2,2,180,0,0,62,823,0,0,0,0,0,0,,,
Kostas Tsimikas,Liverpool FC,GRE,DF,24,2,0,7,0,0,8,750,0,0,0,0,0,0,,,
Kasper Schmeichel,Leicester City,DEN,GK,33,38,38,3420,0,0,1218,727,0,0,0,0,0,0,,,
Youri Tielemans,Leicester City,BEL,MF,23,38,37,3357,6,4,2559,786,2,2,12,9,6,0,,,
Jamie Vardy,Leicester City,ENG,FW,33,34,31,2840,15,9,452,664,8,9,62,16,1,0,,,
Jonny Evans,Leicester City,NIR,DF,32,28,28,2473,2,2,1764,875,0,0,6,1,7,0,,,
Timothy Castagne,Leicester City,BEL,DF,24,27,27,2345,2,3,1512,838,0,0,5,8,1,0,,,
Wesley Fofana,Leicester City,FRA,DF,19,28,27,2262,0,0,1672,882,0,0,4,1,7,0,,,
Wilfred Ndidi,Leicester City,NGA,"MF,DF",23,26,25,2176,1,4,1363,881,0,0,3,6,6,0,,,
James Maddison,Leicester City,ENG,"MF,FW",23,31,24,2099,8,5,1116,773,0,0,19,23,4,0,,,
James Justin,Leicester City,ENG,DF,22,23,23,2070,2,1,1248,792,0,0,7,7,4,0,,,
Harvey Barnes,Leicester City,ENG,"FW,MF",22,25,22,1945,9,4,626,748,0,0,29,7,0,0,,,
Çağlar Söyüncü,Leicester City,TUR,DF,24,23,19,1819,1,0,1351,890,0,0,3,1,2,0,,,
Marc Albrighton,Leicester City,ENG,"DF,FW",30,31,17,1746,1,5,923,688,0,0,7,23,2,0,,,
Kelechi Iheanacho,Leicester City,NGA,FW,23,25,16,1459,12,2,501,798,0,1,48,18,1,0,,,
Nampalys Mendy,Leicester City,SEN,MF,28,23,15,1459,0,1,965,914,0,0,1,2,5,0,,,
Ayoze Pérez,Leicester City,ESP,"MF,FW",27,25,15,1331,2,1,499,766,0,0,22,8,2,0,,,
Luke Thomas,Leicester City,ENG,DF,19,14,12,969,1,0,484,742,0,0,3,2,2,0,,,
Ricardo Pereira,Leicester City,POR,DF,26,15,10,959,0,1,525,783,0,0,4,5,3,0,,,
Dennis Praet,Leicester City,BEL,"MF,FW",26,15,10,718,1,1,313,792,0,0,7,1,0,0,,,
Daniel Amartey,Leicester City,GHA,DF,25,12,8,722,1,0,466,858,0,0,5,0,3,0,,,
Christian Fuchs,Leicester City,AUT,DF,34,9,8,702,0,0,589,812,0,0,1,0,4,0,,,
Hamza Choudhury,Leicester City,ENG,MF,22,10,4,316,0,0,235,809,0,0,11,0,1,0,,,
Cengiz Ünder,Leicester City,TUR,"MF,FW",23,9,1,281,0,2,129,705,0,0,8,57,0,0,,,
Sidnei Tavares,Leicester City,POR,MF,18,2,1,85,0,0,26,731,0,0,6,0,0,0,,,
Islam Slimani,Leicester City,ALG,FW,32,1,0,20,0,0,11,727,0,0,19,13,0,0,,,
Demarai Gray,Leicester City,ENG,FW,24,1,0,19,0,0,11,636,0,0,43,0,0,0,,,
Wes Morgan,Leicester City,JAM,DF,36,3,0,18,0,0,5,1000,0,0,0,0,0,0,,,
Khanya Leshabela,Leicester City,RSA,MF,20,1,0,10,0,0,9,778,0,0,0,0,0,0,,,
Tomáš Souček,West Ham United,CZE,MF,25,38,38,3419,10,1,1539,769,0,0,24,4,7,1,,,
Aaron Cresswell,West Ham United,ENG,DF,30,36,36,3170,0,8,2060,748,0,0,3,17,3,0,,,
Łukasz Fabiański,West Ham United,POL,GK,35,35,35,3150,0,0,1002,605,0,0,0,0,2,0,,,
Vladimír Coufal,West Ham United,CZE,DF,27,34,34,3054,0,7,1692,709,0,0,4,14,3,0,,,
Declan Rice,West Ham United,ENG,MF,21,32,32,2879,2,1,1506,862,1,2,1,6,2,0,,,
Pablo Fornals,West Ham United,ESP,"FW,MF",24,33,31,2572,5,4,1102,773,0,0,23,9,3,0,,,
Jarrod Bowen,West Ham United,ENG,"FW,MF",23,38,30,2562,8,5,734,680,0,0,22,16,0,0,,,
Angelo Ogbonna,West Ham United,ITA,DF,32,28,28,2492,3,0,960,844,0,0,5,4,5,0,,,
Michail Antonio,West Ham United,ENG,FW,30,26,24,1974,10,5,490,665,0,0,52,11,3,0,,,
Craig Dawson,West Ham United,ENG,DF,30,22,22,1925,3,0,718,825,0,0,8,0,5,1,,,
Jesse Lingard,West Ham United,ENG,"MF,FW",27,16,16,1421,9,4,669,813,1,2,32,9,3,0,,,
Issa Diop,West Ham United,FRA,DF,23,18,15,1381,2,0,563,844,0,0,2,0,3,0,,,
Saïd Benrahma,West Ham United,ALG,"FW,MF",24,30,14,1391,1,6,527,780,0,0,15,28,0,0,,,
Fabián Balbuena,West Ham United,PAR,DF,28,14,13,1198,1,0,465,768,0,0,5,0,1,1,,,
Arthur Masuaku,West Ham United,COD,"DF,FW",26,12,12,1006,0,2,552,801,0,0,3,17,2,0,,,
Sébastien Haller,West Ham United,CIV,FW,26,16,10,937,3,0,252,679,0,0,28,12,0,0,,,
Mark Noble,West Ham United,ENG,MF,33,21,8,712,0,0,429,872,0,0,0,3,1,0,,,
Ryan Fredericks,West Ham United,ENG,"DF,FW",27,14,6,569,1,1,279,728,0,0,5,19,2,0,,,
Manuel Lanzini,West Ham United,ARG,"MF,FW",27,17,5,566,1,1,368,889,0,0,18,14,1,0,,,
Ben Johnson,West Ham United,ENG,DF,20,14,5,523,1,0,219,703,0,0,6,4,1,0,,,
Darren Randolph,West Ham United,IRL,GK,33,3,3,270,0,0,66,545,0,0,0,0,0,0,,,
Andriy Yarmolenko,West Ham United,UKR,"FW,MF",30,15,1,375,0,1,157,790,0,0,1,23,3,0,,,
Robert Snodgrass,West Ham United,SCO,"FW,DF",32,3,0,5,0,0,3,1000,0,0,0,0,0,0,,,
Felipe Anderson,West Ham United,BRA,"FW,MF",27,2,0,3,0,0,6,667,0,0,0,0,0,0,,,
Pierre Højbjerg,Tottenham Hotspur,DEN,MF,24,38,38,3420,2,4,2687,889,0,0,3,5,9,0,,,
Hugo Lloris,Tottenham Hotspur,FRA,GK,33,38,38,3420,0,0,1067,715,0,0,0,0,0,0,,,
Son Heung-min,Tottenham Hotspur,KOR,FW,28,37,36,3114,17,10,1199,767,1,1,3,26,0,0,,,
Harry Kane,Tottenham Hotspur,ENG,FW,27,35,35,3082,23,14,937,701,4,4,6,22,1,0,,,
Eric Dier,Tottenham Hotspur,ENG,DF,26,28,28,2520,0,0,1654,846,0,0,3,0,3,0,,,
Tanguy Ndombele,Tottenham Hotspur,FRA,MF,23,33,28,2091,3,2,1165,853,0,0,6,1,3,0,,,
Sergio Reguilón,Tottenham Hotspur,ESP,DF,23,27,26,2244,0,3,1393,772,0,0,6,7,5,0,,,
Toby Alderweireld,Tottenham Hotspur,BEL,DF,31,25,25,2240,1,0,1366,837,0,0,3,1,2,0,,,
Serge Aurier,Tottenham Hotspur,CIV,DF,27,19,19,1605,2,3,954,806,0,0,8,11,0,0,,,
Davinson Sánchez,Tottenham Hotspur,COL,DF,24,18,17,1486,0,0,977,869,0,0,7,0,1,0,,,
Moussa Sissoko,Tottenham Hotspur,FRA,MF,30,25,15,1585,0,0,792,841,0,0,2,3,3,0,,,
Lucas Moura,Tottenham Hotspur,BRA,"FW,MF",27,30,14,1411,3,4,600,747,0,0,14,14,1,0,,,
Ben Davies,Tottenham Hotspur,WAL,DF,27,20,14,1346,0,1,783,779,0,0,1,4,1,0,,,
Matt Doherty,Tottenham Hotspur,IRL,DF,28,17,13,1240,0,2,826,806,0,0,3,6,4,1,,,
Steven Bergwijn,Tottenham Hotspur,NED,"FW,MF",22,21,13,1208,1,3,428,811,0,0,18,9,3,0,,,
Giovani Lo Celso,Tottenham Hotspur,ARG,MF,24,18,11,945,1,1,589,789,0,0,11,12,5,0,,,
Gareth Bale,Tottenham Hotspur,WAL,FW,31,20,10,920,11,2,408,696,0,0,52,19,1,0,,,
Harry Winks,Tottenham Hotspur,ENG,MF,24,15,9,861,0,0,658,842,0,0,1,3,5,0,,,
Joe Rodon,Tottenham Hotspur,WAL,DF,22,12,8,733,0,0,411,888,0,0,0,0,0,0,,,
Dele Alli,Tottenham Hotspur,ENG,MF,24,15,7,620,0,1,337,801,0,0,2,13,0,0,,,
Japhet Tanganga,Tottenham Hotspur,ENG,DF,21,6,6,487,0,0,229,843,0,0,4,0,2,0,,,
Érik Lamela,Tottenham Hotspur,ARG,"FW,MF",28,23,5,717,1,0,368,785,0,0,18,12,6,1,,,
Carlos Vinícius,Tottenham Hotspur,BRA,FW,25,9,3,308,1,0,44,568,0,0,4,3,2,0,,,
Dane Scarlett,Tottenham Hotspur,ENG,FW,16,1,0,1,0,0,0,-10,0,0,0,0,0,0,,,
Bernd Leno,Arsenal,GER,GK,28,35,35,3131,0,0,1156,798,0,0,0,0,0,1,,,
Bukayo Saka,Arsenal,ENG,"FW,DF",18,32,30,2553,5,3,1155,749,0,0,24,17,1,0,,,
Granit Xhaka,Arsenal,SUI,"MF,DF",27,31,29,2522,1,2,2164,899,0,0,3,6,7,1,,,
Rob Holding,Arsenal,ENG,DF,24,30,28,2558,0,1,1768,893,0,0,4,1,2,0,,,
Pierre-Emerick Aubameyang,Arsenal,GAB,FW,31,29,26,2332,10,3,691,750,2,2,41,11,2,0,,,
Kieran Tierney,Arsenal,SCO,DF,23,27,26,2299,1,3,1490,762,0,0,2,16,4,0,,,
Héctor Bellerín,Arsenal,ESP,DF,25,25,24,2089,1,2,1302,829,0,0,4,1,8,0,,,
Gabriel Dos Santos,Arsenal,BRA,DF,22,23,22,1996,2,0,1492,860,0,0,5,0,4,1,,,
Alexandre Lacazette,Arsenal,FRA,FW,29,31,22,1923,13,2,524,782,3,3,46,13,3,0,,,
Thomas Partey,Arsenal,GHA,MF,27,24,18,1534,0,2,1112,869,0,0,8,6,5,0,,,
Emile Smith-Rowe,Arsenal,ENG,"MF,FW",20,20,18,1440,2,4,724,877,0,0,13,18,0,0,,,
Dani Ceballos,Arsenal,ESP,MF,23,25,17,1615,0,3,1286,865,0,0,4,16,4,0,,,
Mohamed Elneny,Arsenal,EGY,MF,28,23,17,1544,1,0,1003,934,0,0,3,1,3,0,,,
David Luiz,Arsenal,BRA,DF,33,20,17,1396,1,0,965,836,0,0,6,3,1,1,,,
Nicolas Pépé,Arsenal,CIV,FW,25,29,16,1616,10,1,674,757,1,1,39,5,1,1,,,
Willian,Arsenal,BRA,"FW,MF",31,25,16,1406,1,5,787,793,0,0,13,16,0,0,,,
Pablo Marí,Arsenal,ESP,DF,26,10,10,900,0,0,592,907,0,0,0,0,2,0,,,
Martin Ødegaard,Arsenal,NOR,MF,21,14,9,866,1,2,521,864,0,0,11,22,0,0,,,
Calum Chambers,Arsenal,ENG,DF,25,10,8,753,0,2,575,803,0,0,7,14,0,0,,,
Cédric Soares,Arsenal,POR,DF,28,10,8,746,0,1,463,758,0,0,3,11,1,0,,,
Martinelli,Arsenal,BRA,FW,19,14,7,589,2,1,159,792,0,0,53,32,0,0,,,
Ainsley Maitland-Niles,Arsenal,ENG,DF,22,11,5,490,0,0,288,785,0,0,2,4,0,0,,,
Eddie Nketiah,Arsenal,ENG,FW,21,17,4,423,2,1,89,820,0,0,52,18,0,0,,,
Mathew Ryan,Arsenal,AUS,GK,28,3,3,270,0,0,67,925,0,0,0,0,0,0,,,
Joe Willock,Arsenal,ENG,MF,20,7,2,238,0,0,91,758,0,0,17,2,1,0,,,
Sead Kolašinac,Arsenal,BIH,DF,27,1,1,90,0,0,64,844,0,0,0,0,0,0,,,
Reiss Nelson,Arsenal,ENG,FW,20,2,0,71,0,0,30,567,0,0,6,0,0,0,,,
Shkodran Mustafi,Arsenal,GER,DF,28,3,0,47,0,0,48,854,0,0,0,0,0,0,,,
Rúnar Alex Rúnarsson,Arsenal,ISL,GK,25,1,0,16,0,0,11,636,0,0,0,0,0,0,,,
Stuart Dallas,Leeds United,NIR,"DF,MF",29,38,38,3409,8,2,2212,820,0,0,12,5,7,0,,,
Luke Ayling,Leeds United,ENG,DF,28,38,38,3399,0,0,2661,793,0,0,4,7,7,0,,,
Patrick Bamford,Leeds United,ENG,FW,26,38,37,3050,17,7,506,763,2,2,51,12,3,0,,,
Illan Meslier,Leeds United,FRA,GK,20,35,35,3150,0,0,1348,809,0,0,0,0,0,0,,,
Jack Harrison,Leeds United,ENG,MF,23,36,34,2847,8,8,1162,678,0,0,21,22,2,0,,,
Ezgjan Alioski,Leeds United,MKD,DF,28,36,29,2461,2,3,1630,801,0,0,5,11,7,0,,,
Kalvin Phillips,Leeds United,ENG,MF,24,29,28,2428,1,2,1462,828,0,0,1,14,10,0,,,
Mateusz Klich,Leeds United,POL,MF,30,35,28,2393,4,5,1495,793,2,2,13,15,6,0,,,
Raphael Dias Belloli,Leeds United,BRA,MF,23,30,26,2360,6,9,1057,667,0,0,23,31,3,0,,,
Liam Cooper,Leeds United,SCO,DF,28,25,25,2185,1,0,1555,877,0,0,5,0,4,1,,,
Pascal Struijk,Leeds United,NED,"DF,MF",20,27,22,2075,1,0,1259,871,0,0,1,1,3,0,,,
Tyler Roberts,Leeds United,WAL,"MF,FW",21,27,14,1340,1,2,467,722,0,0,14,12,3,0,,,
Rodrigo,Leeds United,ESP,"MF,FW",29,26,14,1288,7,2,573,754,0,0,44,17,3,0,,,
Diego Llorente,Leeds United,ESP,DF,26,15,14,1204,1,0,665,854,0,0,6,5,1,0,,,
Hélder Costa,Leeds United,POR,"MF,FW",26,22,13,1156,3,3,328,738,0,0,16,7,0,0,,,
Robin Koch,Leeds United,GER,"DF,MF",24,17,13,1132,0,0,757,856,0,0,6,1,1,0,,,
Jamie Shackleton,Leeds United,ENG,"MF,DF",20,13,3,461,0,0,206,883,0,0,0,5,0,0,,,
Pablo Hernández,Leeds United,ESP,MF,35,16,3,427,0,2,391,742,0,0,25,14,1,0,,,
Kiko Casilla,Leeds United,ESP,GK,33,3,3,270,0,0,94,872,0,0,0,0,0,0,,,
Gaetano Berardi,Leeds United,SUI,DF,31,2,1,113,0,0,56,821,0,0,3,0,0,0,,,
Ian Carlo Poveda,Leeds United,ENG,"MF,DF",20,14,0,355,0,0,117,735,0,0,9,21,0,0,,,
Niall Huggins,Leeds United,WAL,DF,19,1,0,38,0,0,23,739,0,0,0,0,0,0,,,
Leif Davis,Leeds United,ENG,DF,20,2,0,33,0,0,19,842,0,0,0,0,0,0,,,
Michael Keane,Everton,ENG,DF,27,35,33,2991,3,1,1835,889,0,0,4,3,4,0,,,
Richarlison,Everton,BRA,FW,23,34,33,2861,7,3,772,692,1,1,36,1,4,1,,,
Dominic Calvert-Lewin,Everton,ENG,FW,23,33,32,2871,16,0,669,716,0,0,48,6,3,0,,,
Jordan Pickford,Everton,ENG,GK,26,31,31,2742,0,0,1152,661,0,0,0,0,1,0,,,
Lucas Digne,Everton,FRA,DF,27,30,30,2681,0,7,1690,725,0,0,2,18,2,1,,,
Ben Godfrey,Everton,ENG,DF,22,31,29,2685,0,2,1302,846,0,0,3,2,4,0,,,
Abdoulaye Doucouré,Everton,FRA,MF,27,29,29,2443,2,3,1332,860,0,0,8,8,6,0,,,
Mason Holgate,Everton,ENG,DF,23,28,26,2287,1,0,1200,788,0,0,3,3,9,0,,,
Gylfi Sigurðsson,Everton,ISL,MF,30,36,24,2253,6,5,947,791,3,4,27,19,2,0,,,
Allan,Everton,BRA,MF,29,24,23,2051,0,0,1048,858,0,0,1,4,6,0,,,
Yerry Mina,Everton,COL,DF,25,24,23,1937,2,0,1227,909,0,0,6,0,2,0,,,
James Rodríguez,Everton,COL,"FW,MF",29,23,21,1764,6,4,1111,791,0,0,17,28,4,0,,,
Séamus Coleman,Everton,IRL,"DF,MF",31,25,18,1613,0,3,766,815,0,0,6,11,0,0,,,
André Gomes,Everton,POR,MF,27,28,17,1570,0,1,901,832,0,0,3,5,3,0,,,
Alex Iwobi,Everton,NGA,"FW,DF",24,30,17,1542,1,2,688,770,0,0,6,11,0,0,,,
Tom Davies,Everton,ENG,MF,22,25,17,1423,0,1,684,838,0,0,1,6,3,0,,,
Robin Olsen,Everton,SWE,GK,30,7,7,630,0,0,199,714,0,0,0,0,1,0,,,
Bernard,Everton,BRA,"MF,FW",27,12,3,455,1,0,272,794,0,0,4,13,2,0,,,
Fabian Delph,Everton,ENG,"MF,DF",30,8,2,266,0,0,234,880,0,0,1,3,1,0,,,
Anthony Gordon,Everton,ENG,"FW,MF",19,3,1,88,0,0,26,846,0,0,0,3,0,0,,,
Niels Nkounkou,Everton,FRA,"DF,FW",19,2,1,81,0,0,34,794,0,0,2,0,1,0,,,
Jonjoe Kenny,Everton,ENG,DF,23,4,1,79,0,0,61,770,0,0,0,0,0,0,,,
Joshua King,Everton,NOR,"MF,FW",28,11,0,148,0,0,48,708,0,0,48,0,0,0,,,
Cenk Tosun,Everton,TUR,FW,29,5,0,48,0,0,10,800,0,0,0,25,1,0,,,
João Virgínia,Everton,POR,GK,20,1,0,48,0,0,17,529,0,0,0,0,0,0,,,
Moise Kean,Everton,ITA,FW,20,2,0,15,0,0,9,778,0,0,21,0,0,0,,,
Theo Walcott,Everton,ENG,FW,31,1,0,13,0,0,1,1000,0,0,0,0,0,0,,,
Jean-Philippe Gbamin,Everton,CIV,MF,24,1,0,12,0,0,9,667,0,0,0,0,0,0,,,
Nathan Broadhead,Everton,WAL,MF,22,1,0,3,0,0,2,1000,0,0,0,0,0,0,,,
Emiliano Martínez,Aston Villa,ARG,GK,27,38,38,3420,0,0,1295,656,0,0,0,1,1,0,,,
Matt Targett,Aston Villa,ENG,DF,24,38,38,3404,0,2,2147,770,0,0,1,8,7,0,,,
John McGinn,Aston Villa,SCO,MF,25,37,37,3330,3,5,1398,773,0,0,6,8,12,0,,,
Ollie Watkins,Aston Villa,ENG,FW,24,37,37,3328,14,5,832,728,1,2,43,11,4,1,,,
Tyrone Mings,Aston Villa,ENG,DF,27,36,36,3194,2,2,1585,796,0,0,5,2,6,1,,,
Ezri Konsa,Aston Villa,ENG,DF,22,36,35,3196,2,0,1244,865,0,0,6,1,3,0,,,
Douglas Luiz,Aston Villa,BRA,MF,22,33,32,2781,0,2,1431,848,0,0,5,5,10,1,,,
Bertrand Traoré,Aston Villa,BFA,FW,24,36,29,2317,7,6,796,712,0,0,25,13,1,0,,,
Matty Cash,Aston Villa,ENG,DF,22,28,28,2372,0,2,1298,739,0,0,1,8,8,1,,,
Jack Grealish,Aston Villa,ENG,"FW,MF",24,26,24,2185,6,10,1100,785,0,0,18,35,6,0,,,
Ross Barkley,Aston Villa,ENG,MF,26,24,18,1531,3,1,764,810,0,0,19,21,0,0,,,
Anwar El Ghazi,Aston Villa,NED,FW,25,28,17,1613,10,0,613,705,4,4,45,13,2,0,,,
Trézéguet,Aston Villa,EGY,FW,25,21,12,1166,2,1,328,695,0,0,29,15,0,0,,,
Marvelous Nakamba,Aston Villa,ZIM,MF,26,13,9,749,0,0,273,857,0,0,0,0,3,0,,,
Ahmed Elmohamady,Aston Villa,EGY,DF,32,14,8,839,0,0,594,781,0,0,5,7,2,0,,,
Kortney Hause,Aston Villa,ENG,DF,25,7,7,630,1,0,216,782,0,0,17,0,2,0,,,
Jacob Ramsey,Aston Villa,ENG,MF,19,22,6,626,0,0,220,855,0,0,7,4,0,0,,,
Morgan Sanson,Aston Villa,FRA,MF,25,9,3,294,0,0,161,758,0,0,1,4,3,0,,,
Conor Hourihane,Aston Villa,IRL,MF,29,4,3,225,1,1,155,748,0,0,2,32,0,0,,,
Keinan Davis,Aston Villa,ENG,"FW,MF",22,15,1,277,1,1,79,734,0,0,34,16,0,0,,,
Carney Chukwuemeka,Aston Villa,ENG,"FW,MF",16,2,0,20,0,0,8,625,0,0,29,0,0,0,,,
Wesley Moraes,Aston Villa,BRA,"MF,FW",23,3,0,18,0,0,4,1000,0,0,12,0,0,0,,,
Neil Taylor,Aston Villa,WAL,DF,31,1,0,16,0,0,11,909,0,0,0,0,1,0,,,
Jaden Philogene Bidace,Aston Villa,ENG,FW,18,1,0,1,0,0,4,500,0,0,0,0,0,0,,,
Jonjo Shelvey,Newcastle United,ENG,MF,28,30,29,2617,1,3,1417,738,0,0,8,9,7,0,,,
Miguel Almirón,Newcastle United,PAR,"MF,FW",26,34,28,2429,4,1,877,811,0,0,12,1,3,0,,,
Karl Darlow,Newcastle United,ENG,GK,29,25,25,2250,0,0,726,501,0,0,0,0,3,0,,,
Federico Fernández,Newcastle United,ARG,DF,31,24,24,2079,0,0,837,802,0,0,1,1,4,0,,,
Callum Wilson,Newcastle United,ENG,FW,28,26,23,2084,12,5,366,697,4,4,49,1,2,0,,,
Joelinton,Newcastle United,BRA,"FW,MF",23,31,23,1983,4,2,590,739,1,1,27,1,3,0,,,
Isaac Hayden,Newcastle United,ENG,"MF,DF",25,24,22,1942,0,0,790,796,0,0,2,2,8,0,,,
Ciaran Clark,Newcastle United,IRL,DF,30,22,21,1891,1,0,747,830,0,0,2,0,3,0,,,
Jamal Lewis,Newcastle United,NIR,DF,22,24,20,1837,0,1,833,762,0,0,1,8,4,0,,,
Jamaal Lascelles,Newcastle United,ENG,DF,26,19,19,1625,2,0,599,813,0,0,5,0,4,0,,,
Allan Saint-Maximin,Newcastle United,FRA,"FW,MF",23,25,19,1560,3,4,436,798,0,0,15,19,0,0,,,
Jacob Murphy,Newcastle United,ENG,"DF,MF",25,26,17,1626,2,3,608,684,0,0,7,12,3,0,,,
Jeff Hendrick,Newcastle United,IRL,MF,28,22,17,1422,2,1,533,805,0,0,7,5,3,1,,,
Sean Longstaff,Newcastle United,ENG,MF,22,22,15,1412,0,1,571,790,0,0,9,7,2,0,,,
Matt Ritchie,Newcastle United,SCO,"DF,MF",30,18,15,1350,0,2,607,677,0,0,3,1,2,0,,,
Emil Krafth,Newcastle United,SWE,DF,25,16,14,1288,1,0,557,725,0,0,1,3,4,0,,,
Paul Dummett,Newcastle United,WAL,DF,28,15,14,1255,1,0,534,768,0,0,2,4,2,0,,,
Fabian Schär,Newcastle United,SUI,DF,28,18,13,1246,1,0,583,777,1,1,8,0,4,1,,,
Martin Dúbravka,Newcastle United,SVK,GK,31,13,13,1170,0,0,427,726,0,0,0,0,0,0,,,
Joe Willock,Newcastle United,ENG,MF,20,14,11,978,8,0,235,770,0,1,33,7,0,0,,,
Javier Manquillo,Newcastle United,ESP,DF,26,13,10,825,0,0,400,740,0,0,0,3,1,0,,,
Ryan Fraser,Newcastle United,SCO,"FW,MF",26,18,9,928,0,2,369,659,0,0,9,2,2,1,,,
DeAndre Yedlin,Newcastle United,USA,DF,27,6,5,436,0,0,172,645,0,0,1,2,0,0,,,
Dwight Gayle,Newcastle United,ENG,"FW,MF",29,18,4,514,1,1,114,798,0,0,36,9,0,0,,,
Andy Carroll,Newcastle United,ENG,FW,31,18,4,392,1,0,141,631,0,0,27,2,1,0,,,
Matthew Longstaff,Newcastle United,ENG,MF,20,5,4,377,0,0,148,791,0,0,0,2,0,0,,,
Elliot Anderson,Newcastle United,SCO,MF,17,1,0,4,0,0,1,1000,0,0,0,0,0,0,,,
Rui Patrício,Wolverhampton Wanderers,POR,GK,32,37,37,3329,0,0,801,667,0,0,0,0,1,0,,,
Conor Coady,Wolverhampton Wanderers,ENG,DF,27,37,37,3303,1,0,1789,881,0,0,3,0,5,0,,,
Nélson Semedo,Wolverhampton Wanderers,POR,DF,26,34,34,2983,1,1,1892,814,0,0,6,3,5,0,,,
Rúben Neves,Wolverhampton Wanderers,POR,MF,23,36,31,2675,5,1,1937,843,3,3,17,7,8,0,,,
Pedro Neto,Wolverhampton Wanderers,POR,"FW,MF",20,31,30,2550,5,6,1212,788,0,0,17,22,4,0,,,
Adama Traoré,Wolverhampton Wanderers,ESP,FW,24,37,28,2649,2,2,879,659,0,0,8,18,4,0,,,
João Moutinho,Wolverhampton Wanderers,POR,MF,33,33,28,2528,1,1,1817,848,0,0,2,9,5,1,,,
Leander Dendoncker,Wolverhampton Wanderers,BEL,"MF,DF",25,33,28,2503,1,0,1162,879,0,0,12,3,4,0,,,
Romain Saïss,Wolverhampton Wanderers,MAR,DF,30,27,27,2407,3,0,1411,820,0,0,13,1,2,0,,,
Daniel Podence,Wolverhampton Wanderers,POR,"MF,FW",24,24,22,1661,3,2,636,752,0,0,17,1,3,0,,,
Willy Boly,Wolverhampton Wanderers,CIV,DF,29,21,21,1879,1,1,1003,828,0,0,5,2,2,0,,,
Rayan Aït Nouri,Wolverhampton Wanderers,FRA,DF,19,21,16,1404,1,1,785,837,0,0,4,6,1,0,,,
Max Kilman,Wolverhampton Wanderers,ENG,DF,23,18,14,1310,0,1,731,886,0,0,3,4,4,0,,,
Willian José,Wolverhampton Wanderers,BRA,FW,28,17,12,1110,1,0,306,814,0,0,15,5,0,0,,,
Fábio Silva,Wolverhampton Wanderers,POR,FW,18,32,11,1369,4,3,305,744,1,1,4,4,2,0,,,
Raúl Jiménez,Wolverhampton Wanderers,MEX,FW,29,10,10,823,4,0,263,787,0,0,26,8,0,0,,,
Fernando Marçal,Wolverhampton Wanderers,BRA,DF,31,13,7,623,0,0,370,827,0,0,1,2,2,0,,,
Jonny Castro,Wolverhampton Wanderers,ESP,DF,26,7,7,495,0,0,239,787,0,0,1,3,0,0,,,
Ki-Jana Hoever,Wolverhampton Wanderers,NED,DF,18,12,5,577,0,0,350,743,0,0,1,3,1,0,,,
Vitinha,Wolverhampton Wanderers,POR,MF,20,19,5,520,0,1,329,878,0,0,1,12,0,0,,,
Morgan Gibbs-White,Wolverhampton Wanderers,ENG,"FW,MF",20,11,4,414,1,0,235,809,0,0,21,13,1,0,,,
Owen Otasowie,Wolverhampton Wanderers,USA,"MF,FW",19,6,2,187,0,1,64,703,0,0,27,7,1,0,,,
Rúben Vinagre,Wolverhampton Wanderers,POR,DF,21,2,1,173,0,0,98,837,0,0,0,0,0,0,,,
John Ruddy,Wolverhampton Wanderers,ENG,GK,33,2,1,91,0,0,24,792,0,0,0,0,0,0,,,
Patrick Cutrone,Wolverhampton Wanderers,ITA,"FW,MF",22,2,0,25,0,0,5,800,0,0,61,0,0,0,,,
Oskar Buur,Wolverhampton Wanderers,DEN,DF,22,1,0,22,0,0,15,933,0,0,0,0,0,0,,,
Theo Corbeanu,Wolverhampton Wanderers,CAN,FW,18,1,0,9,0,0,3,1000,0,0,0,9,0,0,,,
Vicente Guaita,Crystal Palace,ESP,GK,33,37,37,3330,0,0,1080,554,0,0,0,0,2,0,,,
Cheikhou Kouyaté,Crystal Palace,SEN,DF,30,36,35,3121,1,0,1216,788,0,0,2,1,4,0,,,
Wilfried Zaha,Crystal Palace,CIV,FW,27,30,29,2612,11,2,779,759,2,2,26,11,6,0,,,
Eberechi Eze,Crystal Palace,ENG,MF,22,34,29,2559,4,6,1158,793,0,0,8,1,3,0,,,
Luka Milivojević,Crystal Palace,SRB,MF,29,31,27,2359,1,1,1269,811,1,2,9,5,8,1,,,
Andros Townsend,Crystal Palace,ENG,"MF,FW",29,34,25,2258,1,5,864,679,0,0,9,15,0,0,,,
Joel Ward,Crystal Palace,ENG,DF,30,26,25,2256,0,1,1079,727,0,0,0,2,5,0,,,
Jordan Ayew,Crystal Palace,GHA,"FW,MF",28,33,23,2096,1,3,654,786,0,0,1,3,4,0,,,
Christian Benteke,Crystal Palace,BEL,FW,29,30,21,1816,10,1,574,638,0,0,4,5,3,1,,,
Gary Cahill,Crystal Palace,ENG,DF,34,20,20,1800,1,1,697,846,0,0,4,4,3,0,,,
Patrick van Aanholt,Crystal Palace,NED,DF,29,22,20,1777,0,1,1127,789,0,0,6,4,2,0,,,
Jaïro Riedewald,Crystal Palace,NED,MF,23,33,19,1820,2,0,628,849,0,0,3,5,4,0,,,
Tyrick Mitchell,Crystal Palace,ENG,DF,20,19,19,1710,1,1,779,702,0,0,2,2,1,0,,,
James McArthur,Crystal Palace,SCO,MF,32,18,17,1466,0,2,769,815,0,0,1,5,3,0,,,
Jeffrey Schlupp,Crystal Palace,GHA,MF,27,27,15,1428,2,3,429,709,0,0,1,11,3,0,,,
Scott Dann,Crystal Palace,ENG,DF,33,15,15,1350,1,0,604,841,0,0,2,0,1,0,,,
Nathaniel Clyne,Crystal Palace,ENG,DF,29,13,13,1145,0,1,569,768,0,0,1,3,2,0,,,
James McCarthy,Crystal Palace,IRL,MF,29,16,10,821,0,0,329,772,0,0,0,3,1,0,,,
Michy Batshuayi,Crystal Palace,BEL,FW,26,18,7,728,2,1,168,702,0,0,17,18,0,0,,,
James Tomkins,Crystal Palace,ENG,DF,31,8,6,553,0,0,164,787,0,0,3,1,1,0,,,
Mamadou Sakho,Crystal Palace,FRA,DF,30,4,3,276,0,0,82,878,0,0,1,0,0,0,,,
Jean-Philippe Mateta,Crystal Palace,FRA,FW,23,7,2,221,1,0,51,608,0,0,8,1,0,0,,,
Jack Butland,Crystal Palace,ENG,GK,27,1,1,90,0,0,21,286,0,0,0,0,0,0,,,
Martin Kelly,Crystal Palace,ENG,DF,30,1,0,2,0,0,2,1000,0,0,0,0,0,0,,,
James Ward-Prowse,Southampton,ENG,MF,25,38,38,3420,8,7,2619,808,3,4,14,11,5,0,,,
Jan Bednarek,Southampton,POL,DF,24,36,36,3100,1,1,2005,846,0,0,3,1,5,1,,,
Stuart Armstrong,Southampton,SCO,MF,28,33,32,2764,4,5,1258,797,0,0,1,9,3,0,,,
Alex McCarthy,Southampton,ENG,GK,30,30,30,2700,0,0,1069,643,0,0,0,0,2,0,,,
Che Adams,Southampton,SCO,FW,24,36,30,2667,9,5,633,700,0,0,3,19,1,0,,,
Kyle Walker-Peters,Southampton,ENG,DF,23,30,30,2645,0,2,1613,803,0,0,3,5,4,0,,,
Ryan Bertrand,Southampton,ENG,DF,30,29,29,2598,0,1,1537,768,0,0,2,4,5,0,,,
Jannik Vestergaard,Southampton,DEN,DF,27,30,29,2574,3,0,1712,843,0,0,7,2,3,1,,,
Danny Ings,Southampton,ENG,FW,28,29,26,2173,12,4,519,663,2,2,34,11,1,0,,,
Oriol Romeu,Southampton,ESP,MF,28,21,20,1763,1,1,1258,828,0,0,2,5,6,0,,,
Theo Walcott,Southampton,ENG,"MF,FW",31,21,20,1618,3,3,424,724,0,0,17,7,0,0,,,
Nathan Redmond,Southampton,ENG,"MF,FW",26,29,17,1738,2,3,743,759,0,0,17,17,1,0,,,
Jack Stephens,Southampton,ENG,DF,26,18,17,1537,0,0,1016,832,0,0,4,3,2,0,,,
Moussa Djenepo,Southampton,MLI,MF,22,27,15,1240,1,0,400,738,0,0,7,4,5,0,,,
Ibrahima Diallo,Southampton,FRA,MF,21,22,10,1020,0,0,587,852,0,0,5,5,3,0,,,
Takumi Minamino,Southampton,JPN,"MF,FW",25,10,9,711,2,0,257,724,0,0,15,7,1,0,,,
Mohammed Salisu,Southampton,GHA,DF,21,12,8,844,0,0,376,824,0,0,4,0,1,0,,,
Fraser Forster,Southampton,ENG,GK,32,8,8,720,0,0,274,562,0,0,0,0,0,0,,,
Nathan Tella,Southampton,ENG,"FW,MF",21,18,7,745,1,1,146,733,0,0,22,9,2,0,,,
William Smallbone,Southampton,IRL,MF,20,3,2,172,0,0,78,821,0,0,4,0,0,0,,,
Shane Long,Southampton,IRL,"FW,MF",33,11,1,210,0,0,59,644,0,0,2,0,0,0,,,
Yan Valery,Southampton,FRA,"DF,MF",21,3,1,103,0,0,64,828,0,0,27,0,0,0,,,
Kayne Ramsey,Southampton,ENG,DF,19,1,1,90,0,0,26,692,0,0,0,0,1,0,,,
Jake Vokins,Southampton,ENG,DF,20,1,1,66,0,0,22,909,0,0,0,22,0,0,,,
Alexandre Jankewitz,Southampton,SUI,MF,18,2,1,3,0,0,3,667,0,0,0,0,0,1,,,
Dan Nlundulu,Southampton,ENG,FW,21,13,0,111,0,0,33,667,0,0,8,2,0,0,,,
Michael Obafemi,Southampton,IRL,FW,20,4,0,61,0,0,15,867,0,0,0,16,0,0,,,
Caleb Watts,Southampton,AUS,"MF,FW",18,3,0,39,0,0,13,615,0,0,0,0,1,0,,,
Allan Tchaptchet,Southampton,FRA,DF,18,1,0,13,0,0,2,0,0,0,0,0,0,0,,,
Ben White,Brighton,ENG,"DF,MF",22,36,36,3191,0,0,1766,832,0,0,2,2,5,1,,,
Yves Bissouma,Brighton,MLI,MF,23,36,35,3111,1,0,1676,872,0,0,4,3,8,1,,,
Lewis Dunk,Brighton,ENG,DF,28,33,33,2931,5,0,2151,900,0,0,8,3,5,2,,,
Leandro Trossard,Brighton,BEL,"FW,MF",25,35,30,2607,5,5,1085,749,0,0,18,15,2,0,,,
Adam Webster,Brighton,ENG,DF,25,29,29,2594,1,0,1794,827,0,0,4,1,4,0,,,
Neal Maupay,Brighton,FRA,"FW,MF",23,33,29,2512,8,2,656,774,3,4,46,13,1,1,,,
Pascal Groß,Brighton,GER,"MF,DF",29,34,27,2484,3,8,1669,755,3,4,2,2,3,0,,,
Robert Sánchez,Brighton,ESP,GK,22,27,27,2430,0,0,1095,716,0,0,0,0,2,0,,,
Joël Veltman,Brighton,NED,DF,28,28,25,2281,1,1,1491,773,0,0,5,4,3,0,,,
Dan Burn,Brighton,ENG,DF,28,27,23,2061,1,0,1242,767,0,0,6,4,5,0,,,
Solly March,Brighton,ENG,DF,26,21,19,1672,2,1,975,698,0,0,9,9,0,0,,,
Danny Welbeck,Brighton,ENG,FW,29,24,17,1545,6,1,268,817,0,1,39,13,0,0,,,
Adam Lallana,Brighton,ENG,"MF,FW",32,30,16,1596,1,1,936,847,0,0,14,16,0,0,,,
Alexis Mac Allister,Brighton,ARG,"MF,FW",21,21,13,1115,1,1,407,794,0,0,9,19,1,0,,,
Mathew Ryan,Brighton,AUS,GK,28,11,11,990,0,0,399,787,0,0,0,0,1,0,,,
Tariq Lamptey,Brighton,ENG,DF,19,11,11,886,1,1,500,780,0,0,6,11,4,1,,,
Steven Alzate,Brighton,COL,"MF,DF",21,15,10,896,1,0,446,895,0,0,7,5,2,0,,,
Aaron Connolly,Brighton,IRL,FW,20,17,9,791,2,1,101,782,0,0,4,2,0,0,,,
Jakub Moder,Brighton,POL,"DF,MF",21,12,7,647,0,0,268,746,0,0,12,2,0,0,,,
Alireza Jahanbakhsh,Brighton,IRN,"FW,MF",26,21,6,528,0,1,265,740,0,0,28,54,3,0,,,
Davy Pröpper,Brighton,NED,MF,28,7,2,213,0,0,96,760,0,0,4,0,0,0,,,
Bernardo,Brighton,BRA,"DF,MF",25,3,2,206,0,0,87,713,0,0,13,9,0,0,,,
Percy Tau,Brighton,RSA,"FW,MF",26,3,1,103,0,1,29,759,0,0,0,27,0,0,,,
Andi Zeqiri,Brighton,SUI,"FW,DF",21,9,0,171,0,0,43,465,0,0,33,4,0,0,,,
José Izquierdo,Brighton,COL,"DF,MF",28,1,0,9,0,0,9,889,0,0,12,0,0,0,,,
Reda Khadra,Brighton,GER,FW,19,1,0,5,0,0,1,0,0,0,0,0,0,0,,,
Jayson Molumby,Brighton,IRL,MF,20,1,0,1,0,0,1,0,0,0,0,0,0,0,,,
Ashley Westwood,Burnley,ENG,MF,30,38,38,3410,3,3,2125,737,0,0,3,13,7,0,,,
James Tarkowski,Burnley,ENG,DF,27,36,36,3240,1,0,1167,720,0,0,7,2,6,0,,,
Dwight McNeil,Burnley,ENG,MF,20,36,34,3069,2,5,1336,689,0,0,3,19,1,0,,,
Matthew Lowton,Burnley,ENG,DF,31,34,34,3060,1,1,1498,688,0,0,2,7,5,0,,,
Nick Pope,Burnley,ENG,GK,28,32,32,2880,0,0,979,507,0,0,0,1,1,0,,,
Josh Brownhill,Burnley,ENG,MF,24,33,32,2813,0,1,1187,790,0,0,6,4,2,0,,,
Chris Wood,Burnley,NZL,FW,28,33,32,2741,12,3,658,669,2,2,44,7,0,0,,,
Ben Mee,Burnley,ENG,DF,30,30,30,2693,2,0,1044,751,0,0,6,1,3,0,,,
Charlie Taylor,Burnley,ENG,DF,26,29,28,2426,0,1,1298,699,0,0,0,7,1,0,,,
Jóhann Berg Guðmundsson,Burnley,ISL,MF,29,22,16,1363,2,0,472,754,0,0,11,3,2,0,,,
Matěj Vydra,Burnley,CZE,FW,28,28,15,1371,3,2,266,726,0,0,4,12,0,0,,,
Jack Cork,Burnley,ENG,MF,31,16,15,1350,0,0,499,826,0,0,2,2,2,0,,,
Ashley Barnes,Burnley,ENG,FW,30,22,15,1331,3,0,307,635,1,1,35,4,4,0,,,
Erik Pieters,Burnley,NED,"DF,MF",31,20,13,1266,0,1,580,748,0,0,1,3,1,0,,,
Jay Rodriguez,Burnley,ENG,"FW,MF",31,31,12,1265,1,2,283,735,0,0,16,12,3,0,,,
Robbie Brady,Burnley,IRL,MF,28,19,12,1052,1,1,393,677,0,0,7,8,3,0,,,
Kevin Long,Burnley,IRL,DF,29,8,7,637,0,0,255,710,0,0,4,0,2,0,,,
Bailey Peacock-Farrell,Burnley,NIR,GK,23,4,4,360,0,0,113,513,0,0,0,0,0,0,,,
Phil Bardsley,Burnley,SCO,DF,35,4,3,274,0,0,165,703,0,0,4,0,2,0,,,
Jimmy Dunne,Burnley,IRL,DF,22,3,3,270,1,0,146,712,0,0,14,4,1,0,,,
Dale Stephens,Burnley,ENG,MF,31,7,3,261,0,0,124,831,0,0,6,0,1,0,,,
Josh Benson,Burnley,ENG,MF,20,6,2,264,0,0,85,729,0,0,6,0,0,0,,,
Will Norris,Burnley,ENG,GK,26,2,2,180,0,0,56,482,0,0,0,4,0,0,,,
Joel Mumbongo,Burnley,SWE,FW,21,4,0,40,0,0,6,833,0,0,0,0,1,0,,,
Lewis Richardson,Burnley,ENG,"FW,MF",17,2,0,4,0,0,1,0,0,0,0,0,0,0,,,
Alphonse Areola,Fulham,FRA,GK,27,36,36,3240,0,0,1001,736,0,0,0,0,2,0,,,
Tosin Adarabioyo,Fulham,ENG,DF,22,33,33,2953,0,0,1824,874,0,0,3,1,1,0,,,
Ademola Lookman,Fulham,ENG,"FW,MF",22,34,31,2747,4,4,1168,753,0,1,18,17,5,0,,,
Ola Aina,Fulham,NGA,DF,23,31,31,2664,2,1,1711,777,0,0,3,5,3,0,,,
Joachim Andersen,Fulham,DEN,DF,24,31,30,2730,1,1,1833,834,0,0,4,2,7,1,,,
Andre-Frank Zambo Anguissa,Fulham,CMR,MF,24,36,29,2587,0,3,1410,849,0,0,6,8,6,0,,,
Bobby Reid,Fulham,JAM,"MF,DF",27,33,28,2372,5,2,826,741,0,0,18,5,7,0,,,
Ivan Cavaleiro,Fulham,POR,"FW,MF",26,36,27,2472,3,0,834,719,1,2,2,12,2,0,,,
Harrison Reed,Fulham,ENG,MF,25,31,26,2247,0,2,1460,864,0,0,1,6,5,0,,,
Antonee Robinson,Fulham,USA,DF,22,28,24,2162,0,0,1352,726,0,0,2,7,4,1,,,
Ruben Loftus-Cheek,Fulham,ENG,"MF,FW",24,30,21,1909,1,0,716,831,0,0,15,7,3,0,,,
Mario Lemina,Fulham,GAB,MF,26,28,19,1703,1,0,860,853,0,0,5,4,5,0,,,
Kenny Tete,Fulham,NED,DF,24,22,18,1481,0,1,863,744,0,0,1,1,3,0,,,
Aleksandar Mitrović,Fulham,SRB,FW,25,27,13,1402,3,3,384,760,1,2,42,17,3,0,,,
Josh Maja,Fulham,NGA,"FW,MF",21,15,9,810,3,0,179,877,1,1,53,12,0,0,,,
Tom Cairney,Fulham,SCO,MF,29,10,9,759,1,1,621,887,0,0,8,17,2,0,,,
Joe Bryan,Fulham,ENG,"DF,FW",26,16,7,669,1,0,420,702,0,0,5,6,2,0,,,
Tim Ream,Fulham,USA,DF,32,7,7,630,0,0,434,912,0,0,0,0,0,0,,,
Josh Onomah,Fulham,ENG,MF,23,11,4,374,0,0,166,898,0,0,15,1,1,0,,,
Denis Odoi,Fulham,BEL,DF,32,3,3,270,0,0,185,827,0,0,3,2,1,0,,,
Michael Hector,Fulham,JAM,DF,28,4,3,263,0,0,175,794,0,0,3,1,2,0,,,
Fabio Carvalho,Fulham,ENG,"MF,FW",17,4,3,255,1,0,86,779,0,0,4,13,0,0,,,
Aboubakar Kamara,Fulham,MTN,"FW,DF",25,11,2,315,0,0,128,719,0,0,11,11,1,1,,,
Marek Rodák,Fulham,SVK,GK,23,2,2,180,0,0,46,804,0,0,0,0,0,0,,,
Maxime Le Marchand,Fulham,FRA,DF,30,2,1,123,0,0,82,951,0,0,1,0,2,0,,,
Neeskens Kebano,Fulham,COD,"FW,MF",28,5,1,119,0,0,42,786,0,0,22,0,0,0,,,
Terence Kongolo,Fulham,NED,DF,26,1,1,90,0,0,39,949,0,0,0,3,0,0,,,
Tyrese Francois,Fulham,AUS,DF,20,1,0,15,0,0,15,933,0,0,0,0,0,0,,,
Sam Johnstone,West Bromwich Albion,ENG,GK,27,37,37,3330,0,1,1282,499,0,0,0,1,1,0,,,
Darnell Furlong,West Bromwich Albion,ENG,DF,24,35,32,2932,1,3,1177,595,0,0,6,6,5,0,,,
Semi Ajayi,West Bromwich Albion,NGA,DF,26,33,31,2780,2,0,948,744,0,0,4,1,3,1,,,
Matheus Pereira,West Bromwich Albion,BRA,"MF,FW",24,33,30,2577,11,6,1066,718,4,4,25,19,2,1,,,
Kyle Bartley,West Bromwich Albion,ENG,DF,29,30,28,2584,3,1,809,779,0,0,7,1,4,0,,,
Conor Gallagher,West Bromwich Albion,ENG,MF,20,30,28,2531,2,2,954,778,0,0,6,6,11,0,,,
Conor Townsend,West Bromwich Albion,ENG,DF,27,25,25,2234,0,2,1176,749,0,0,4,9,0,0,,,
Dara O'Shea,West Bromwich Albion,IRL,DF,21,28,25,2102,0,0,857,660,0,0,1,1,3,0,,,
Matt Phillips,West Bromwich Albion,SCO,MF,29,33,20,1828,2,1,567,693,0,0,12,15,1,0,,,
Callum Robinson,West Bromwich Albion,IRL,"FW,MF",25,28,20,1560,5,0,450,709,0,0,18,5,0,0,,,
Romaine Sawyers,West Bromwich Albion,SKN,MF,28,19,17,1487,0,0,712,850,0,0,1,2,2,0,,,
Okay Yokuşlu,West Bromwich Albion,TUR,MF,26,16,15,1317,0,1,530,832,0,0,6,4,4,0,,,
Jake Livermore,West Bromwich Albion,ENG,MF,30,18,15,1242,0,0,381,743,0,0,2,2,2,1,,,
Grady Diangana,West Bromwich Albion,ENG,"MF,FW",22,20,15,1235,1,0,351,729,0,0,9,1,0,0,,,
Ainsley Maitland-Niles,West Bromwich Albion,ENG,MF,22,15,14,1230,0,0,402,764,0,0,5,5,2,0,,,
Mbaye Diagne,West Bromwich Albion,SEN,FW,28,16,14,1189,3,2,230,704,0,0,38,13,2,0,,,
Karlan Grant,West Bromwich Albion,ENG,"FW,MF",22,21,14,1127,1,0,228,732,0,0,17,0,1,0,,,
Kieran Gibbs,West Bromwich Albion,ENG,DF,30,10,9,809,0,0,309,722,0,0,1,3,1,1,,,
Branislav Ivanović,West Bromwich Albion,SRB,DF,36,13,8,767,0,0,311,852,0,0,6,1,2,0,,,
Robert Snodgrass,West Bromwich Albion,SCO,"MF,FW",32,8,6,526,0,0,133,789,0,0,3,6,2,0,,,
Filip Krovinović,West Bromwich Albion,CRO,MF,24,11,5,546,0,0,365,844,0,0,4,5,0,0,,,
Lee Peltier,West Bromwich Albion,ENG,DF,33,4,3,229,0,0,76,632,0,0,0,0,1,0,,,
Hal Robson-Kanu,West Bromwich Albion,WAL,FW,31,19,2,561,2,0,86,744,0,0,24,6,2,0,,,
Kamil Grosicki,West Bromwich Albion,POL,"FW,MF",32,3,2,148,0,1,49,653,0,0,6,7,0,0,,,
Kyle Edwards,West Bromwich Albion,ENG,"MF,FW",22,5,1,118,0,0,35,857,0,0,11,0,0,0,,,
David Button,West Bromwich Albion,ENG,GK,31,1,1,90,0,0,37,432,0,0,0,0,0,0,,,
Ahmed Hegazi,West Bromwich Albion,EGY,DF,29,1,1,90,0,0,52,712,0,0,0,0,0,0,,,
Charlie Austin,West Bromwich Albion,ENG,FW,31,5,0,138,0,0,34,735,0,0,13,0,0,0,,,
Sam Field,West Bromwich Albion,ENG,MF,22,3,0,62,0,0,23,652,0,0,0,0,0,0,,,
Rekeem Harper,West Bromwich Albion,ENG,MF,20,2,0,32,0,0,16,813,0,0,12,0,0,0,,,
Aaron Ramsdale,Sheffield United,ENG,GK,22,38,38,3420,0,0,1141,491,0,0,0,0,1,0,,,
George Baldock,Sheffield United,ENG,DF,27,32,32,2787,0,2,1160,785,0,0,4,5,7,0,,,
Chris Basham,Sheffield United,ENG,"DF,MF",32,31,31,2576,0,1,1105,814,0,0,3,3,5,0,,,
Enda Stevens,Sheffield United,IRL,DF,30,30,30,2700,0,1,1427,775,0,0,4,5,6,0,,,
John Egan,Sheffield United,IRL,DF,27,31,30,2629,0,1,1094,846,0,0,2,1,7,1,,,
John Fleck,Sheffield United,SCO,MF,28,31,29,2575,0,2,1212,781,0,0,3,9,4,0,,,
David McGoldrick,Sheffield United,IRL,"FW,MF",32,35,28,2397,8,1,938,745,0,0,26,5,7,0,,,
Oliver Norwood,Sheffield United,NIR,MF,29,32,26,2220,0,0,1483,796,0,0,2,7,6,0,,,
Ethan Ampadu,Sheffield United,WAL,"DF,MF",19,25,23,2089,0,0,1064,805,0,0,1,4,3,0,,,
John Lundstram,Sheffield United,ENG,MF,26,28,23,2032,0,2,1041,810,0,1,9,5,8,1,,,
Ben Osborn,Sheffield United,ENG,"MF,DF",25,24,17,1604,1,0,839,790,0,0,7,12,1,0,,,
Oliver Burke,Sheffield United,SCO,FW,23,25,14,1269,1,1,262,706,0,0,17,13,2,0,,,
Sander Berge,Sheffield United,NOR,MF,22,15,13,1120,1,1,464,819,1,1,1,1,4,0,,,
Oliver McBurnie,Sheffield United,SCO,FW,24,23,12,1324,1,0,426,629,0,0,21,7,2,0,,,
Rhian Brewster,Sheffield United,ENG,FW,20,27,12,1128,0,0,225,693,0,0,14,13,1,0,,,
Jayden Bogle,Sheffield United,ENG,DF,20,16,12,1110,2,0,383,783,0,0,14,1,2,0,,,
Kean Bryan,Sheffield United,ENG,DF,23,13,12,1004,1,0,443,729,0,0,4,3,1,0,,,
Jack Robinson,Sheffield United,ENG,DF,26,11,9,877,0,1,439,806,0,0,4,9,3,0,,,
Billy Sharp,Sheffield United,ENG,FW,34,16,7,735,3,0,123,699,2,2,33,7,1,0,,,
Max Lowe,Sheffield United,ENG,DF,23,8,7,550,0,0,223,650,0,0,1,3,1,0,,,
Phil Jagielka,Sheffield United,ENG,DF,37,10,6,526,0,0,186,763,0,0,0,0,1,1,,,
Daniel Jebbison,Sheffield United,ENG,FW,17,4,3,284,1,0,34,706,0,0,5,1,0,0,,,
Lys Mousset,Sheffield United,FRA,"FW,MF",24,11,2,296,0,0,50,800,0,0,22,1,0,0,,,
Jack O'Connell,Sheffield United,ENG,DF,26,2,2,180,0,0,77,779,0,0,0,0,0,0,,,
Iliman Ndiaye,Sheffield United,FRA,MF,21,1,0,12,0,0,3,1000,0,0,0,0,0,0,,,
Antwoine Hackford,Sheffield United,ENG,"DF,FW",16,1,0,11,0,0,1,1000,0,0,116,0,0,0,,,
Femi Seriki,Sheffield United,ENG,DF,17,1,0,1,0,0,0,-10,0,0,0,0,0,0,,,
